{
  "train_loss": [
    1.4345520223890031,
    1.4212239980697632
  ],
  "val_loss": [
    1.4554661512374878,
    1.4435547590255737
  ],
  "train_acc": [
    null,
    null
  ],
  "val_acc": [
    null,
    null
  ],
  "train_mse": [
    1.4345520223890031,
    1.4212239980697632
  ],
  "val_mse": [
    1.4554661512374878,
    1.4435547590255737
  ],
  "train_mae": [
    0.9682918531554086,
    0.963669845036098
  ],
  "val_mae": [
    0.9854296445846558,
    0.9795033931732178
  ],
  "learning_rates": [
    0.001,
    4.951556604879043e-05
  ],
  "epochs": [
    1,
    2
  ]
}