{
  "train_loss": [
    0.26834571522308337
  ],
  "val_loss": [
    0.13972724148747967
  ],
  "train_acc": [
    null
  ],
  "val_acc": [
    null
  ],
  "train_mse": [
    21.18721515562584
  ],
  "val_mse": [
    11.03215338903315
  ],
  "train_mae": [
    3.2595762445865817
  ],
  "val_mae": [
    2.5375318480472937
  ],
  "learning_rates": [
    0.001
  ],
  "epochs": [
    1
  ],
  "flops_stats": {
    "total_flops": 21286018560,
    "avg_flops_per_pass": 44161864.23236515,
    "total_forward_passes": 482,
    "avg_time_per_pass": 0.12130498836643963,
    "flops_per_second": 364056456.5981445,
    "min_flops": 31759872,
    "max_flops": 44187648,
    "std_flops": 566069.6875
  }
}