{
  "train_loss": [
    0.2589189286782404
  ],
  "val_loss": [
    0.12355021195595756
  ],
  "train_acc": [
    null
  ],
  "val_acc": [
    null
  ],
  "train_mse": [
    20.44292391425219
  ],
  "val_mse": [
    9.754897159688612
  ],
  "train_mae": [
    3.214042133079051
  ],
  "val_mae": [
    2.4654135984532974
  ],
  "learning_rates": [
    0.001
  ],
  "epochs": [
    1
  ],
  "flops_stats": {
    "total_flops": 21286018560,
    "avg_flops_per_pass": 44161864.23236515,
    "total_forward_passes": 482,
    "avg_time_per_pass": 0.11341771347394128,
    "flops_per_second": 389373607.3467195,
    "min_flops": 31759872,
    "max_flops": 44187648,
    "std_flops": 566069.6875
  }
}