{
  "train_loss": [
    1.0030367523431778
  ],
  "val_loss": [
    0.9876682758331299
  ],
  "train_acc": [
    null
  ],
  "val_acc": [
    null
  ],
  "train_mse": [
    1.0030367523431778
  ],
  "val_mse": [
    0.9876682758331299
  ],
  "train_mae": [
    0.795963704586029
  ],
  "val_mae": [
    0.8928732872009277
  ],
  "train_relative_l2": [
    1.0042436122894287
  ],
  "val_relative_l2": [
    1.0000827312469482
  ],
  "learning_rates": [
    0.001
  ],
  "epochs": [
    1
  ]
}