{
  "train_loss": [
    1.4345520223890031
  ],
  "val_loss": [
    1.4554661512374878
  ],
  "train_acc": [
    null
  ],
  "val_acc": [
    null
  ],
  "train_mse": [
    1.4345520223890031
  ],
  "val_mse": [
    1.4554661512374878
  ],
  "train_mae": [
    0.9682918531554086
  ],
  "val_mae": [
    0.9854296445846558
  ],
  "learning_rates": [
    0.001
  ],
  "epochs": [
    1
  ]
}